2025-02-17 00:00:38,17.8,1019.0,46.2
2025-02-17 00:01:38,17.8,1019.1,46.3
2025-02-17 00:02:38,17.8,1019.1,46.4
2025-02-17 00:03:38,17.8,1019.1,46.2
2025-02-17 00:04:38,17.8,1019.1,46.3
2025-02-17 00:05:38,17.8,1019.1,46.3
2025-02-17 00:06:38,17.8,1019.1,46.3
2025-02-17 00:07:38,17.7,1019.1,46.4
2025-02-17 00:08:38,17.8,1019.1,46.3
2025-02-17 00:09:38,17.7,1019.1,46.3
2025-02-17 00:10:38,17.7,1019.1,46.3
2025-02-17 00:11:38,17.7,1019.1,46.3
2025-02-17 00:12:38,17.8,1019.1,46.3
2025-02-17 00:13:38,17.8,1019.1,46.2
2025-02-17 00:14:38,17.8,1019.1,46.3
2025-02-17 00:15:38,17.8,1019.1,46.2
2025-02-17 00:16:38,17.8,1019.1,46.2
2025-02-17 00:17:38,17.7,1019.1,46.3
2025-02-17 00:18:38,17.7,1019.2,46.3
2025-02-17 00:19:38,17.7,1019.2,46.4
2025-02-17 00:20:38,17.7,1019.2,46.2
2025-02-17 00:21:38,17.7,1019.2,46.2
2025-02-17 00:22:38,17.7,1019.1,46.3
2025-02-17 00:23:38,17.7,1019.2,46.3
2025-02-17 00:24:38,17.7,1019.1,46.2
2025-02-17 00:25:38,17.7,1019.2,46.2
2025-02-17 00:26:38,17.7,1019.1,46.2
2025-02-17 00:27:38,17.7,1019.2,46.2
2025-02-17 00:28:38,17.7,1019.2,46.2
2025-02-17 00:29:38,17.7,1019.2,46.2
2025-02-17 00:30:38,17.7,1019.1,46.2
2025-02-17 00:31:38,17.7,1019.1,46.2
2025-02-17 00:32:38,17.7,1019.1,46.2
2025-02-17 00:33:38,17.7,1019.1,46.3
2025-02-17 00:34:38,17.7,1019.1,46.3
2025-02-17 00:35:38,17.7,1019.1,46.2
2025-02-17 00:36:38,17.7,1019.1,46.2
2025-02-17 00:37:38,17.7,1019.1,46.3
2025-02-17 00:38:38,17.7,1019.1,46.3
2025-02-17 00:39:38,17.6,1019.1,46.3
2025-02-17 00:40:39,17.7,1019.1,46.3
2025-02-17 00:41:39,17.6,1019.1,46.3
2025-02-17 00:42:39,17.7,1019.1,46.2
2025-02-17 00:43:39,17.6,1019.2,46.3
2025-02-17 00:44:39,17.7,1019.1,46.2
2025-02-17 00:45:39,17.6,1019.1,46.2
2025-02-17 00:46:39,17.6,1019.1,46.3
2025-02-17 00:47:39,17.6,1019.1,46.4
2025-02-17 00:48:39,17.6,1019.2,46.4
2025-02-17 00:49:39,17.6,1019.1,46.3
2025-02-17 00:50:39,17.6,1019.1,46.4
2025-02-17 00:51:39,17.6,1019.1,46.3
2025-02-17 00:52:39,17.6,1019.1,46.4
2025-02-17 00:53:39,17.6,1019.0,46.3
2025-02-17 00:54:39,17.5,1019.0,46.4
2025-02-17 00:55:39,17.5,1019.1,46.4
2025-02-17 00:56:39,17.6,1019.1,46.4
2025-02-17 00:57:39,17.6,1019.1,46.4
2025-02-17 00:58:39,17.6,1019.1,46.4
2025-02-17 00:59:39,17.6,1019.1,46.4
2025-02-17 01:00:39,17.6,1019.1,46.3
2025-02-17 01:01:39,17.6,1019.1,46.3
2025-02-17 01:02:39,17.5,1019.0,46.4
2025-02-17 01:03:39,17.5,1019.0,46.4
2025-02-17 01:04:39,17.5,1019.0,46.4
2025-02-17 01:05:39,17.5,1019.0,46.5
2025-02-17 01:06:39,17.5,1019.0,46.4
2025-02-17 01:07:39,17.5,1019.1,46.5
2025-02-17 01:08:39,17.5,1019.1,46.5
2025-02-17 01:09:39,17.5,1019.0,46.5
2025-02-17 01:10:39,17.4,1019.0,46.5
2025-02-17 01:11:39,17.5,1019.1,46.5
2025-02-17 01:12:39,17.5,1019.0,46.4
2025-02-17 01:13:39,17.5,1019.0,46.4
2025-02-17 01:14:39,17.5,1019.0,46.4
2025-02-17 01:15:39,17.5,1019.1,46.5
2025-02-17 01:16:39,17.5,1019.0,46.4
2025-02-17 01:17:39,17.5,1019.0,46.2
2025-02-17 01:18:39,17.5,1019.0,46.4
2025-02-17 01:19:39,17.5,1019.0,46.4
2025-02-17 01:20:39,17.4,1019.0,46.5
2025-02-17 01:21:39,17.5,1019.0,46.4
2025-02-17 01:22:39,17.4,1019.0,46.4
2025-02-17 01:23:39,17.4,1019.0,46.4
2025-02-17 01:24:39,17.4,1019.0,46.4
2025-02-17 01:25:39,17.4,1019.1,46.5
2025-02-17 01:26:39,17.4,1019.1,46.4
2025-02-17 01:27:39,17.4,1019.1,46.5
2025-02-17 01:28:39,17.4,1019.1,46.5
2025-02-17 01:29:39,17.4,1019.1,46.5
2025-02-17 01:30:39,17.4,1019.0,46.5
2025-02-17 01:31:39,17.4,1019.1,46.5
2025-02-17 01:32:39,17.4,1019.1,46.5
2025-02-17 01:33:40,17.4,1019.1,46.5
2025-02-17 01:34:40,17.4,1019.1,46.5
2025-02-17 01:35:40,17.4,1019.1,46.5
2025-02-17 01:36:40,17.4,1019.1,46.5
2025-02-17 01:37:40,17.4,1019.2,46.6
2025-02-17 01:38:40,17.4,1019.2,46.5
2025-02-17 01:39:40,17.4,1019.2,46.5
2025-02-17 01:40:40,17.3,1019.2,46.5
2025-02-17 01:41:40,17.4,1019.2,46.5
2025-02-17 01:42:40,17.4,1019.2,46.5
2025-02-17 01:43:40,17.4,1019.2,46.4
2025-02-17 01:44:40,17.3,1019.2,46.5
2025-02-17 01:45:40,17.3,1019.3,46.5
2025-02-17 01:46:40,17.4,1019.2,46.4
2025-02-17 01:47:40,17.4,1019.2,46.4
2025-02-17 01:48:40,17.4,1019.2,46.4
2025-02-17 01:49:40,17.4,1019.2,46.4
2025-02-17 01:50:40,17.4,1019.2,46.3
2025-02-17 01:51:40,17.4,1019.2,46.3
2025-02-17 01:52:40,17.4,1019.2,46.3
2025-02-17 01:53:40,17.4,1019.2,46.3
2025-02-17 01:54:40,17.4,1019.2,46.3
2025-02-17 01:55:40,17.4,1019.2,46.2
2025-02-17 01:56:40,17.4,1019.2,46.2
2025-02-17 01:57:40,17.4,1019.1,46.3
2025-02-17 01:58:40,17.3,1019.1,46.4
2025-02-17 01:59:40,17.3,1019.1,46.3
2025-02-17 02:00:40,17.3,1019.0,46.4
2025-02-17 02:01:40,17.4,1019.2,46.3
2025-02-17 02:02:40,17.4,1019.2,46.3
2025-02-17 02:03:40,17.4,1019.2,46.3
2025-02-17 02:04:40,17.3,1019.2,46.4
2025-02-17 02:05:40,17.3,1019.2,46.4
2025-02-17 02:06:40,17.3,1019.2,46.4
2025-02-17 02:07:40,17.3,1019.2,46.4
2025-02-17 02:08:40,17.3,1019.2,46.4
2025-02-17 02:09:40,17.3,1019.1,46.5
2025-02-17 02:10:40,17.3,1019.1,46.5
2025-02-17 02:11:40,17.3,1019.1,46.4
2025-02-17 02:12:40,17.3,1019.2,46.5
2025-02-17 02:13:40,17.3,1019.1,46.5
2025-02-17 02:14:40,17.3,1019.1,46.5
2025-02-17 02:15:40,17.2,1019.0,46.5
2025-02-17 02:16:40,17.2,1019.1,46.5
2025-02-17 02:17:40,17.2,1019.1,46.5
2025-02-17 02:18:40,17.2,1019.0,46.5
2025-02-17 02:19:40,17.2,1019.1,46.5
2025-02-17 02:20:40,17.2,1019.1,46.5
2025-02-17 02:21:40,17.2,1019.1,46.5
2025-02-17 02:22:40,17.2,1019.0,46.5
2025-02-17 02:23:40,17.2,1019.1,46.5
2025-02-17 02:24:40,17.2,1019.1,46.5
2025-02-17 02:25:41,17.2,1019.1,46.4
2025-02-17 02:26:41,17.2,1019.1,46.5
2025-02-17 02:27:41,17.2,1019.0,46.5
2025-02-17 02:28:41,17.2,1019.0,46.6
2025-02-17 02:29:41,17.2,1019.1,46.5
2025-02-17 02:30:41,17.2,1019.0,46.5
2025-02-17 02:31:41,17.2,1019.0,46.5
2025-02-17 02:32:41,17.2,1019.1,46.5
2025-02-17 02:33:41,17.2,1019.1,46.5
2025-02-17 02:34:41,17.2,1019.1,46.5
2025-02-17 02:35:41,17.2,1019.1,46.6
2025-02-17 02:36:41,17.2,1019.0,46.5
2025-02-17 02:37:41,17.2,1019.0,46.5
2025-02-17 02:38:41,17.2,1019.1,46.5
2025-02-17 02:39:41,17.1,1019.1,46.5
2025-02-17 02:40:41,17.2,1019.1,46.5
2025-02-17 02:41:41,17.2,1019.1,46.5
2025-02-17 02:42:41,17.1,1019.1,46.5
2025-02-17 02:43:41,17.2,1019.0,46.5
2025-02-17 02:44:41,17.1,1019.1,46.5
2025-02-17 02:45:41,17.1,1019.0,46.5
2025-02-17 02:46:41,17.2,1019.1,46.4
2025-02-17 02:47:41,17.1,1019.1,46.5
2025-02-17 02:48:41,17.1,1019.0,46.5
2025-02-17 02:49:41,17.1,1019.0,46.5
2025-02-17 02:50:41,17.1,1019.1,46.5
2025-02-17 02:51:41,17.1,1019.1,46.6
2025-02-17 02:52:41,17.1,1019.1,46.5
2025-02-17 02:53:41,17.1,1019.1,46.5
2025-02-17 02:54:41,17.1,1019.1,46.5
2025-02-17 02:55:41,17.1,1019.1,46.5
2025-02-17 02:56:41,17.1,1019.1,46.5
2025-02-17 02:57:41,17.1,1019.0,46.5
2025-02-17 02:58:41,17.1,1019.2,46.5
2025-02-17 02:59:41,17.1,1019.1,46.6
2025-02-17 03:00:41,17.1,1019.1,46.6
2025-02-17 03:01:41,17.1,1019.1,46.6
2025-02-17 03:02:41,17.1,1019.1,46.6
2025-02-17 03:03:41,17.1,1019.1,46.6
2025-02-17 03:04:41,17.1,1019.1,46.6
2025-02-17 03:05:41,17.1,1019.1,46.5
2025-02-17 03:06:41,17.1,1019.1,46.5
2025-02-17 03:07:41,17.1,1019.1,46.4
2025-02-17 03:08:41,17.1,1019.1,46.5
2025-02-17 03:09:41,17.1,1019.0,46.5
2025-02-17 03:10:41,17.1,1019.0,46.5
2025-02-17 03:11:41,17.1,1019.0,46.5
2025-02-17 03:12:41,17.0,1019.1,46.5
2025-02-17 03:13:41,17.1,1019.0,46.5
2025-02-17 03:14:41,17.0,1019.0,46.6
2025-02-17 03:15:41,17.0,1019.1,46.5
2025-02-17 03:16:41,17.0,1019.0,46.6
2025-02-17 03:17:41,17.0,1019.1,46.6
2025-02-17 03:18:42,17.0,1019.1,46.5
2025-02-17 03:19:42,17.0,1019.0,46.5
2025-02-17 03:20:42,17.0,1019.0,46.5
2025-02-17 03:21:42,17.0,1019.0,46.5
2025-02-17 03:22:42,17.0,1018.9,46.5
2025-02-17 03:23:42,17.0,1018.9,46.5
2025-02-17 03:24:42,17.0,1018.9,46.5
2025-02-17 03:25:42,17.0,1018.9,46.5
2025-02-17 03:26:42,17.0,1018.9,46.5
2025-02-17 03:27:42,17.0,1018.9,46.5
2025-02-17 03:28:42,17.0,1018.9,46.5
2025-02-17 03:29:42,17.0,1018.9,46.5
2025-02-17 03:30:42,17.0,1018.9,46.5
2025-02-17 03:31:42,17.0,1019.0,46.4
2025-02-17 03:32:42,17.0,1018.9,46.5
2025-02-17 03:33:42,17.0,1018.9,46.5
2025-02-17 03:34:42,17.0,1018.9,46.4
2025-02-17 03:35:42,17.0,1018.9,46.5
2025-02-17 03:36:42,17.0,1018.9,46.4
2025-02-17 03:37:42,17.0,1018.9,46.5
2025-02-17 03:38:42,17.0,1018.8,46.4
2025-02-17 03:39:42,17.0,1018.9,46.5
2025-02-17 03:40:42,17.0,1018.8,46.4
2025-02-17 03:41:42,16.9,1018.8,46.5
2025-02-17 03:42:42,17.0,1018.8,46.5
2025-02-17 03:43:42,17.0,1018.8,46.4
2025-02-17 03:44:42,17.0,1018.8,46.4
2025-02-17 03:45:42,17.0,1018.7,46.4
2025-02-17 03:46:42,16.9,1018.8,46.5
2025-02-17 03:47:42,16.9,1018.7,46.5
2025-02-17 03:48:42,16.9,1018.8,46.5
2025-02-17 03:49:42,16.9,1018.8,46.5
2025-02-17 03:50:42,16.9,1018.7,46.5
2025-02-17 03:51:42,16.9,1018.7,46.5
2025-02-17 03:52:42,16.9,1018.8,46.5
2025-02-17 03:53:42,16.9,1018.8,46.5
2025-02-17 03:54:42,16.9,1018.7,46.5
2025-02-17 03:55:42,16.9,1018.7,46.5
2025-02-17 03:56:42,16.9,1018.8,46.5
2025-02-17 03:57:42,16.9,1018.7,46.5
2025-02-17 03:58:42,16.9,1018.8,46.5
2025-02-17 03:59:42,16.9,1018.7,46.5
2025-02-17 04:00:42,16.9,1018.8,46.5
2025-02-17 04:01:42,16.9,1018.7,46.5
2025-02-17 04:02:42,16.9,1018.7,46.5
2025-02-17 04:03:42,16.9,1018.7,46.4
2025-02-17 04:04:42,16.9,1018.6,46.4
2025-02-17 04:05:42,16.9,1018.6,46.5
2025-02-17 04:06:42,16.9,1018.7,46.5
2025-02-17 04:07:42,16.9,1018.7,46.5
2025-02-17 04:08:42,16.9,1018.7,46.4
2025-02-17 04:09:42,16.9,1018.7,46.5
2025-02-17 04:10:42,16.9,1018.7,46.5
2025-02-17 04:11:42,16.9,1018.7,46.5
2025-02-17 04:12:43,16.9,1018.7,46.4
2025-02-17 04:13:43,16.9,1018.7,46.4
2025-02-17 04:14:43,16.9,1018.7,46.4
2025-02-17 04:15:43,16.9,1018.7,46.4
2025-02-17 04:16:43,16.9,1018.6,46.4
2025-02-17 04:17:43,16.8,1018.7,46.4
2025-02-17 04:18:43,16.8,1018.7,46.5
2025-02-17 04:19:43,16.8,1018.7,46.5
2025-02-17 04:20:43,16.8,1018.7,46.5
2025-02-17 04:21:43,16.8,1018.7,46.5
2025-02-17 04:22:43,16.8,1018.8,46.4
2025-02-17 04:23:43,16.8,1018.8,46.4
2025-02-17 04:24:43,16.8,1018.8,46.4
2025-02-17 04:25:43,16.8,1018.8,46.5
2025-02-17 04:26:43,16.8,1018.7,46.5
2025-02-17 04:27:43,16.8,1018.7,46.4
2025-02-17 04:28:43,16.8,1018.7,46.4
2025-02-17 04:29:43,16.8,1018.7,46.4
2025-02-17 04:30:43,16.8,1018.7,46.4
2025-02-17 04:31:43,16.8,1018.7,46.5
2025-02-17 04:32:43,16.8,1018.7,46.4
2025-02-17 04:33:43,16.8,1018.7,46.4
2025-02-17 04:34:43,16.8,1018.7,46.4
2025-02-17 04:35:43,16.8,1018.7,46.4
2025-02-17 04:36:43,16.8,1018.7,46.4
2025-02-17 04:37:43,16.8,1018.7,46.4
2025-02-17 04:38:43,16.8,1018.7,46.4
2025-02-17 04:39:43,16.8,1018.6,46.4
2025-02-17 04:40:43,16.8,1018.6,46.5
2025-02-17 04:41:43,16.8,1018.6,46.4
2025-02-17 04:42:43,16.8,1018.6,46.4
2025-02-17 04:43:43,16.8,1018.6,46.4
2025-02-17 04:44:43,16.8,1018.6,46.4
2025-02-17 04:45:43,16.8,1018.5,46.4
2025-02-17 04:46:43,16.8,1018.6,46.4
2025-02-17 04:47:43,16.8,1018.6,46.4
2025-02-17 04:48:43,16.8,1018.6,46.4
2025-02-17 04:49:43,16.7,1018.6,46.4
2025-02-17 04:50:43,16.7,1018.5,46.4
2025-02-17 04:51:43,16.7,1018.5,46.4
2025-02-17 04:52:43,16.7,1018.5,46.4
2025-02-17 04:53:43,16.7,1018.6,46.4
2025-02-17 04:54:43,16.7,1018.6,46.4
2025-02-17 04:55:43,16.7,1018.6,46.5
2025-02-17 04:56:43,16.7,1018.6,46.4
2025-02-17 04:57:43,16.7,1018.5,46.4
2025-02-17 04:58:43,16.7,1018.6,46.4
2025-02-17 04:59:43,16.7,1018.5,46.4
2025-02-17 05:00:43,16.7,1018.6,46.4
2025-02-17 05:01:43,16.7,1018.6,46.4
2025-02-17 05:02:43,16.7,1018.5,46.4
2025-02-17 05:03:43,16.7,1018.6,46.3
2025-02-17 05:04:43,16.7,1018.6,46.4
2025-02-17 05:05:44,16.7,1018.6,46.4
2025-02-17 05:06:44,16.7,1018.6,46.3
2025-02-17 05:07:44,16.7,1018.6,46.4
2025-02-17 05:08:44,16.7,1018.6,46.4
2025-02-17 05:09:44,16.7,1018.6,46.4
2025-02-17 05:10:44,16.7,1018.5,46.3
2025-02-17 05:11:44,16.7,1018.7,46.3
2025-02-17 05:12:44,16.7,1018.6,46.4
2025-02-17 05:13:44,16.7,1018.6,46.4
2025-02-17 05:14:44,16.7,1018.6,46.4
2025-02-17 05:15:44,16.7,1018.6,46.4
2025-02-17 05:16:44,16.7,1018.7,46.4
2025-02-17 05:17:44,16.7,1018.6,46.4
2025-02-17 05:18:44,16.7,1018.6,46.4
2025-02-17 05:19:44,16.7,1018.6,46.4
2025-02-17 05:20:44,16.7,1018.5,46.3
2025-02-17 05:21:44,16.6,1018.5,46.4
2025-02-17 05:22:44,16.6,1018.6,46.4
2025-02-17 05:23:44,16.6,1018.5,46.3
2025-02-17 05:24:44,16.6,1018.5,46.4
2025-02-17 05:25:44,16.6,1018.5,46.4
2025-02-17 05:26:44,16.6,1018.6,46.4
2025-02-17 05:27:44,16.6,1018.5,46.4
2025-02-17 05:28:44,16.6,1018.5,46.4
2025-02-17 05:29:44,16.6,1018.5,46.3
2025-02-17 05:30:44,16.6,1018.5,46.3
2025-02-17 05:31:44,16.6,1018.5,46.4
2025-02-17 05:32:44,16.6,1018.6,46.4
2025-02-17 05:33:44,16.6,1018.6,46.3
2025-02-17 05:34:44,16.6,1018.5,46.4
2025-02-17 05:35:44,16.6,1018.5,46.4
2025-02-17 05:36:44,16.6,1018.5,46.3
2025-02-17 05:37:44,16.6,1018.5,46.3
2025-02-17 05:38:44,16.6,1018.5,46.4
2025-02-17 05:39:44,16.6,1018.4,46.4
2025-02-17 05:40:44,16.6,1018.4,46.4
2025-02-17 05:41:44,16.6,1018.5,46.3
2025-02-17 05:42:44,16.6,1018.5,46.4
2025-02-17 05:43:44,16.6,1018.5,46.4
2025-02-17 05:44:44,16.6,1018.5,46.4
2025-02-17 05:45:44,16.6,1018.5,46.3
2025-02-17 05:46:44,16.6,1018.5,46.4
2025-02-17 05:47:44,16.6,1018.5,46.4
2025-02-17 05:48:44,16.6,1018.6,46.3
2025-02-17 05:49:44,16.5,1018.6,46.4
2025-02-17 05:50:44,16.6,1018.6,46.4
2025-02-17 05:51:44,16.6,1018.6,46.3
2025-02-17 05:52:44,16.5,1018.6,46.4
2025-02-17 05:53:44,16.6,1018.6,46.3
2025-02-17 05:54:44,16.5,1018.7,46.4
2025-02-17 05:55:44,16.6,1018.7,46.4
2025-02-17 05:56:44,16.5,1018.7,46.4
2025-02-17 05:57:44,16.5,1018.7,46.4
2025-02-17 05:58:45,16.5,1018.7,46.4
2025-02-17 05:59:45,16.5,1018.7,46.4
2025-02-17 06:00:45,16.5,1018.7,46.3
2025-02-17 06:01:45,16.5,1018.8,46.4
2025-02-17 06:02:45,16.5,1018.8,46.4
2025-02-17 06:03:45,16.5,1018.8,46.4
2025-02-17 06:04:45,16.5,1018.8,46.3
2025-02-17 06:05:45,16.5,1018.8,46.4
2025-02-17 06:06:45,16.5,1018.8,46.3
2025-02-17 06:07:45,16.5,1018.9,46.3
2025-02-17 06:08:45,16.5,1018.9,46.3
2025-02-17 06:09:45,16.5,1018.9,46.3
2025-02-17 06:10:45,16.5,1018.9,46.3
2025-02-17 06:11:45,16.5,1018.9,46.3
2025-02-17 06:12:45,16.5,1018.8,46.4
2025-02-17 06:13:45,16.5,1018.9,46.3
2025-02-17 06:14:45,16.5,1018.9,46.3
2025-02-17 06:15:45,16.5,1019.0,46.3
2025-02-17 06:16:45,16.5,1019.0,46.4
2025-02-17 06:17:45,16.5,1019.0,46.3
2025-02-17 06:18:45,16.5,1019.0,46.3
2025-02-17 06:19:45,16.5,1019.0,46.3
2025-02-17 06:20:45,16.5,1019.0,46.3
2025-02-17 06:21:45,16.5,1019.0,46.3
2025-02-17 06:22:45,16.4,1019.1,46.3
2025-02-17 06:23:45,16.5,1019.1,46.3
2025-02-17 06:24:45,16.5,1019.1,46.3
2025-02-17 06:25:45,16.4,1019.2,46.3
2025-02-17 06:26:45,16.4,1019.0,46.3
2025-02-17 06:27:45,16.4,1019.0,46.3
2025-02-17 06:28:45,16.4,1019.2,46.4
2025-02-17 06:29:45,16.4,1019.1,46.4
2025-02-17 06:30:45,16.4,1019.2,46.3
2025-02-17 06:31:45,16.4,1019.2,46.3
2025-02-17 06:32:45,16.4,1019.2,46.3
2025-02-17 06:33:45,16.4,1019.3,46.3
2025-02-17 06:34:45,16.4,1019.2,46.3
2025-02-17 06:35:45,16.4,1019.2,46.4
2025-02-17 06:36:45,16.4,1019.1,46.4
2025-02-17 06:37:45,16.4,1019.2,46.3
2025-02-17 06:38:45,16.4,1019.2,46.3
2025-02-17 06:39:45,16.4,1019.2,46.3
2025-02-17 06:40:45,16.4,1019.2,46.4
2025-02-17 06:41:45,16.4,1019.2,46.3
2025-02-17 06:42:45,16.4,1019.2,46.3
2025-02-17 06:43:45,16.4,1019.3,46.4
2025-02-17 06:44:45,16.4,1019.3,46.3
2025-02-17 06:45:45,16.4,1019.3,46.4
2025-02-17 06:46:45,16.4,1019.3,46.4
2025-02-17 06:47:45,16.4,1019.3,46.4
2025-02-17 06:48:45,16.4,1019.4,46.4
2025-02-17 06:49:45,16.4,1019.3,46.3
2025-02-17 06:50:45,16.4,1019.3,46.3
2025-02-17 06:51:46,16.3,1019.4,46.3
2025-02-17 06:52:46,16.3,1019.4,46.3
2025-02-17 06:53:46,16.3,1019.4,46.3
2025-02-17 06:54:46,16.3,1019.4,46.3
2025-02-17 06:55:46,16.3,1019.5,46.4
2025-02-17 06:56:46,16.3,1019.5,46.3
2025-02-17 06:57:46,16.3,1019.5,46.3
2025-02-17 06:58:46,16.3,1019.5,46.4
2025-02-17 06:59:46,16.3,1019.5,46.3
2025-02-17 07:00:46,16.3,1019.5,46.3
2025-02-17 07:01:46,16.3,1019.5,46.4
2025-02-17 07:02:46,16.3,1019.6,46.4
2025-02-17 07:03:46,16.3,1019.6,46.3
2025-02-17 07:04:46,16.3,1019.6,46.3
2025-02-17 07:05:46,16.3,1019.6,46.3
2025-02-17 07:06:46,16.3,1019.6,46.3
2025-02-17 07:07:46,16.3,1019.6,46.3
2025-02-17 07:08:46,16.3,1019.7,46.4
2025-02-17 07:09:46,16.3,1019.6,46.4
2025-02-17 07:10:46,16.3,1019.7,46.4
2025-02-17 07:11:46,16.3,1019.7,46.3
2025-02-17 07:12:46,16.3,1019.6,46.3
2025-02-17 07:13:46,16.3,1019.7,46.3
2025-02-17 07:14:46,16.3,1019.7,46.3
2025-02-17 07:15:46,16.3,1019.8,46.3
2025-02-17 07:16:46,16.3,1019.7,46.3
2025-02-17 07:17:46,16.3,1019.7,46.3
2025-02-17 07:18:46,16.3,1019.8,46.3
2025-02-17 07:19:46,16.3,1019.7,46.2
2025-02-17 07:20:46,16.3,1019.7,46.3
2025-02-17 07:21:46,16.3,1019.7,46.3
2025-02-17 07:22:46,16.3,1019.7,46.3
2025-02-17 07:23:46,16.2,1019.8,46.4
2025-02-17 07:24:46,16.3,1019.8,46.3
2025-02-17 07:25:46,16.3,1019.8,46.3
2025-02-17 07:26:46,16.3,1019.8,46.3
2025-02-17 07:27:46,16.3,1019.8,46.3
2025-02-17 07:28:46,16.2,1019.8,46.3
2025-02-17 07:29:46,16.3,1019.8,46.3
2025-02-17 07:30:46,16.2,1019.7,46.3
2025-02-17 07:31:46,16.2,1019.7,46.2
2025-02-17 07:32:46,16.2,1019.7,46.3
2025-02-17 07:33:46,16.2,1019.7,46.3
2025-02-17 07:34:46,16.2,1019.7,46.3
2025-02-17 07:35:46,16.2,1019.6,46.2
2025-02-17 07:36:46,16.2,1019.6,46.3
2025-02-17 07:37:46,16.2,1019.6,46.2
2025-02-17 07:38:46,16.2,1019.6,46.3
2025-02-17 07:39:46,16.2,1019.7,46.2
2025-02-17 07:40:46,16.2,1019.6,46.2
2025-02-17 07:41:46,16.2,1019.6,46.2
2025-02-17 07:42:46,16.2,1019.7,46.2
2025-02-17 07:43:46,16.2,1019.7,46.2
2025-02-17 07:44:47,16.2,1019.7,46.2
2025-02-17 07:45:47,16.2,1019.7,46.1
2025-02-17 07:46:47,16.2,1019.7,46.2
2025-02-17 07:47:47,16.2,1019.7,46.2
2025-02-17 07:48:47,16.2,1019.7,46.1
2025-02-17 07:49:47,16.2,1019.7,46.1
2025-02-17 07:50:47,16.2,1019.7,46.2
2025-02-17 07:51:47,16.2,1019.8,46.2
2025-02-17 07:52:47,16.2,1019.7,46.2
2025-02-17 07:53:47,16.2,1019.7,46.2
2025-02-17 07:54:47,16.2,1019.7,46.2
2025-02-17 07:55:47,16.2,1019.7,46.2
2025-02-17 07:56:47,16.2,1019.7,46.2
2025-02-17 07:57:47,16.2,1019.8,46.1
2025-02-17 07:58:47,16.2,1019.8,46.1
2025-02-17 07:59:47,16.2,1019.8,46.1
2025-02-17 08:00:47,16.2,1019.8,46.2
2025-02-17 08:01:47,16.2,1019.8,46.1
2025-02-17 08:02:47,16.2,1019.8,46.1
2025-02-17 08:03:47,16.2,1019.9,46.1
2025-02-17 08:04:47,16.1,1019.8,46.2
2025-02-17 08:05:47,16.2,1019.8,46.1
2025-02-17 08:06:47,16.2,1019.8,46.1
2025-02-17 08:07:47,16.2,1019.7,46.1
2025-02-17 08:08:47,16.2,1019.8,46.1
2025-02-17 08:09:47,16.1,1019.8,46.0
2025-02-17 08:10:47,16.2,1019.7,46.0
2025-02-17 08:11:47,16.1,1019.7,46.0
2025-02-17 08:12:47,16.1,1019.7,46.0
2025-02-17 08:13:47,16.1,1019.7,46.1
2025-02-17 08:14:47,16.1,1019.7,46.1
2025-02-17 08:15:47,16.1,1019.7,46.1
2025-02-17 08:16:47,16.1,1019.7,46.0
2025-02-17 08:17:47,16.1,1019.7,46.1
2025-02-17 08:18:47,16.1,1019.8,46.1
2025-02-17 08:19:47,16.1,1019.7,46.0
2025-02-17 08:20:47,16.1,1019.8,46.0
2025-02-17 08:21:47,16.1,1019.7,46.0
2025-02-17 08:22:47,16.1,1019.8,46.1
2025-02-17 08:23:47,16.1,1019.8,46.0
2025-02-17 08:24:47,16.1,1019.7,46.0
2025-02-17 08:25:47,16.1,1019.8,46.0
2025-02-17 08:26:47,16.1,1019.8,46.0
2025-02-17 08:27:47,16.1,1019.8,46.0
2025-02-17 08:28:47,16.1,1019.8,46.0
2025-02-17 08:29:47,16.1,1019.8,46.0
2025-02-17 08:30:47,16.1,1019.8,46.0
2025-02-17 08:31:47,16.1,1019.7,46.0
2025-02-17 08:32:47,16.1,1019.8,46.0
2025-02-17 08:33:47,16.1,1019.8,46.0
2025-02-17 08:34:47,16.1,1019.7,45.9
2025-02-17 08:35:47,16.1,1019.7,45.9
2025-02-17 08:36:47,16.1,1019.6,45.9
2025-02-17 08:37:48,16.1,1019.6,45.9
2025-02-17 08:38:48,16.1,1019.6,45.9
2025-02-17 08:39:48,16.1,1019.5,45.9
2025-02-17 08:40:48,16.1,1019.5,45.9
2025-02-17 08:41:48,16.1,1019.5,45.9
2025-02-17 08:42:48,16.1,1019.5,45.9
2025-02-17 08:43:48,16.1,1019.5,45.9
2025-02-17 08:44:48,16.1,1019.6,45.9
2025-02-17 08:45:48,16.1,1019.5,45.8
2025-02-17 08:46:48,16.1,1019.5,45.8
2025-02-17 08:47:48,16.1,1019.6,45.8
2025-02-17 08:48:48,16.1,1019.5,45.9
2025-02-17 08:49:48,16.1,1019.6,45.8
2025-02-17 08:50:48,16.1,1019.6,45.9
2025-02-17 08:51:48,16.1,1019.6,45.8
2025-02-17 08:52:48,16.1,1019.7,45.9
2025-02-17 08:53:48,16.1,1019.8,45.9
2025-02-17 08:54:48,16.1,1019.7,45.9
2025-02-17 08:55:48,16.0,1019.7,45.9
2025-02-17 08:56:48,16.1,1019.7,45.9
2025-02-17 08:57:48,16.1,1019.7,45.8
2025-02-17 08:58:48,16.0,1019.6,45.9
2025-02-17 08:59:48,16.0,1019.6,45.9
2025-02-17 09:00:48,16.0,1019.7,46.0
2025-02-17 09:01:48,16.0,1019.7,46.0
2025-02-17 09:02:48,16.0,1019.8,46.0
2025-02-17 09:03:48,16.0,1019.7,46.0
2025-02-17 09:04:48,16.0,1019.7,45.9
2025-02-17 09:05:48,16.0,1019.7,46.0
2025-02-17 09:06:48,16.0,1019.8,45.9
2025-02-17 09:07:48,16.1,1019.8,45.8
2025-02-17 09:08:48,16.0,1019.8,45.8
2025-02-17 09:09:48,16.0,1019.9,45.9
2025-02-17 09:10:48,16.0,1019.8,45.9
2025-02-17 09:11:48,16.0,1019.8,45.8
2025-02-17 09:12:48,16.0,1019.8,45.9
2025-02-17 09:13:48,16.0,1019.8,45.9
2025-02-17 09:14:48,16.0,1019.8,45.9
2025-02-17 09:15:48,16.0,1019.7,45.9
2025-02-17 09:16:48,16.0,1019.7,45.9
2025-02-17 09:17:48,16.0,1019.7,45.9
2025-02-17 09:18:48,16.0,1019.8,45.8
2025-02-17 09:19:48,16.0,1019.7,45.8
2025-02-17 09:20:48,16.0,1019.8,45.8
2025-02-17 09:21:48,16.0,1019.8,45.8
2025-02-17 09:22:48,16.0,1019.7,45.8
2025-02-17 09:23:48,16.0,1019.7,45.8
2025-02-17 09:24:48,16.0,1019.8,45.8
2025-02-17 09:25:48,16.0,1019.7,45.8
2025-02-17 09:26:48,16.0,1019.8,45.8
2025-02-17 09:27:48,16.0,1019.7,45.8
2025-02-17 09:28:48,16.0,1019.7,45.7
2025-02-17 09:29:48,16.0,1019.7,45.8
2025-02-17 09:30:49,16.0,1019.7,45.8
2025-02-17 09:31:49,16.0,1019.7,45.8
2025-02-17 09:32:49,16.0,1019.7,45.7
2025-02-17 09:33:49,16.0,1019.7,45.7
2025-02-17 09:34:49,16.0,1019.7,45.7
2025-02-17 09:35:49,16.0,1019.7,45.7
2025-02-17 09:36:49,16.0,1019.7,45.8
2025-02-17 09:37:49,16.0,1019.7,45.6
2025-02-17 09:38:49,16.0,1019.8,45.7
2025-02-17 09:39:49,16.0,1019.7,45.6
2025-02-17 09:40:49,16.0,1019.7,45.7
2025-02-17 09:41:49,16.0,1019.7,45.7
2025-02-17 09:42:49,16.0,1019.7,45.7
2025-02-17 09:43:49,16.0,1019.7,45.7
2025-02-17 09:44:49,16.0,1019.7,45.7
2025-02-17 09:45:49,16.0,1019.7,45.7
2025-02-17 09:46:49,16.0,1019.8,45.7
2025-02-17 09:47:49,16.0,1019.7,45.6
2025-02-17 09:48:49,16.0,1019.8,45.6
2025-02-17 09:49:49,16.0,1019.8,45.6
2025-02-17 09:50:49,16.0,1019.8,45.6
2025-02-17 09:51:49,16.0,1019.8,45.6
2025-02-17 09:52:49,16.0,1019.7,45.6
2025-02-17 09:53:49,16.1,1019.7,45.6
2025-02-17 09:54:49,16.0,1019.7,45.6
2025-02-17 09:55:49,16.0,1019.8,45.6
2025-02-17 09:56:49,16.0,1019.9,45.5
2025-02-17 09:57:49,16.0,1019.8,45.6
2025-02-17 09:58:49,16.0,1019.8,45.6
2025-02-17 09:59:49,16.0,1019.9,45.6
2025-02-17 10:00:49,16.0,1019.8,45.6
2025-02-17 10:01:49,16.0,1019.9,45.6
2025-02-17 10:02:49,16.0,1019.8,45.6
2025-02-17 10:03:49,16.0,1019.8,45.6
2025-02-17 10:04:49,16.0,1019.8,45.6
2025-02-17 10:05:49,16.1,1019.8,45.5
2025-02-17 10:06:49,16.0,1019.8,45.5
2025-02-17 10:07:49,16.0,1019.8,45.5
2025-02-17 10:08:49,16.0,1019.9,45.5
2025-02-17 10:09:49,16.0,1019.8,45.5
2025-02-17 10:10:49,16.0,1019.9,45.5
2025-02-17 10:11:49,16.0,1019.8,45.4
2025-02-17 10:12:49,16.1,1019.8,45.5
2025-02-17 10:13:49,16.0,1019.8,45.5
2025-02-17 10:14:49,16.0,1019.8,45.5
2025-02-17 10:15:49,16.0,1019.8,45.5
2025-02-17 10:16:49,16.0,1019.7,45.5
2025-02-17 10:17:49,16.0,1019.8,45.5
2025-02-17 10:18:49,16.0,1019.8,45.5
2025-02-17 10:19:49,16.0,1019.8,45.5
2025-02-17 10:20:49,16.0,1019.7,45.4
2025-02-17 10:21:49,16.1,1019.8,45.4
2025-02-17 10:22:49,16.0,1019.8,45.4
2025-02-17 10:23:50,16.0,1019.8,45.5
2025-02-17 10:24:50,16.0,1019.9,45.4
2025-02-17 10:25:50,16.0,1019.9,45.4
2025-02-17 10:26:50,16.0,1019.8,45.4
2025-02-17 10:27:50,16.0,1019.8,45.4
2025-02-17 10:28:50,16.0,1019.8,45.4
2025-02-17 10:29:50,16.0,1019.8,45.4
2025-02-17 10:30:50,16.0,1019.7,45.4
2025-02-17 10:31:50,16.0,1019.8,45.4
2025-02-17 10:32:50,16.0,1019.7,45.4
2025-02-17 10:33:50,16.0,1019.7,45.3
2025-02-17 10:34:50,16.0,1019.7,45.3
2025-02-17 10:35:50,16.0,1019.7,45.3
2025-02-17 10:36:50,16.0,1019.7,45.3
2025-02-17 10:37:50,16.0,1019.7,45.2
2025-02-17 10:38:50,16.0,1019.8,45.4
2025-02-17 10:39:50,16.0,1019.7,45.3
2025-02-17 10:40:50,16.0,1019.7,45.5
2025-02-17 10:41:50,16.0,1019.7,45.4
2025-02-17 10:42:50,16.0,1019.7,45.3
2025-02-17 10:43:50,16.0,1019.7,45.3
2025-02-17 10:44:50,16.0,1019.7,45.3
2025-02-17 10:45:50,16.0,1019.7,45.4
2025-02-17 10:46:50,16.0,1019.7,45.4
2025-02-17 10:47:50,16.0,1019.7,45.4
2025-02-17 10:48:50,16.0,1019.8,45.3
2025-02-17 10:49:50,16.0,1019.6,45.3
2025-02-17 10:50:50,16.0,1019.7,45.3
2025-02-17 10:51:50,16.0,1019.7,45.3
2025-02-17 10:52:50,16.0,1019.7,45.3
2025-02-17 10:53:50,16.0,1019.6,45.2
2025-02-17 10:54:50,16.1,1019.6,45.2
2025-02-17 10:55:50,16.1,1019.6,45.2
2025-02-17 10:56:50,16.0,1019.7,45.3
2025-02-17 10:57:50,16.0,1019.7,45.3
2025-02-17 10:58:50,16.0,1019.6,45.2
2025-02-17 10:59:50,16.0,1019.6,45.3
2025-02-17 11:00:50,16.0,1019.6,45.2
2025-02-17 11:01:50,16.0,1019.6,45.3
2025-02-17 11:02:50,16.0,1019.6,45.2
2025-02-17 11:03:50,16.0,1019.6,45.3
2025-02-17 11:04:50,16.1,1019.6,45.2
2025-02-17 11:05:50,16.0,1019.6,45.2
2025-02-17 11:06:50,16.0,1019.6,45.2
2025-02-17 11:07:50,16.0,1019.6,45.3
2025-02-17 11:08:50,16.0,1019.6,45.2
2025-02-17 11:09:50,16.0,1019.6,45.2
2025-02-17 11:10:50,16.1,1019.6,45.2
2025-02-17 11:11:50,16.0,1019.6,45.2
2025-02-17 11:12:50,16.0,1019.6,45.2
2025-02-17 11:13:50,16.0,1019.5,45.2
2025-02-17 11:14:50,16.0,1019.5,45.2
2025-02-17 11:15:51,16.1,1019.5,45.1
2025-02-17 11:16:51,16.1,1019.5,45.2
2025-02-17 11:17:51,16.0,1019.5,45.2
2025-02-17 11:18:51,16.1,1019.4,45.2
2025-02-17 11:19:51,16.1,1019.4,45.1
2025-02-17 11:20:51,16.1,1019.4,45.1
2025-02-17 11:21:51,16.1,1019.4,45.1
2025-02-17 11:22:51,16.0,1019.4,45.1
2025-02-17 11:23:51,16.1,1019.4,45.1
2025-02-17 11:24:51,16.1,1019.4,45.1
2025-02-17 11:25:51,16.0,1019.4,45.1
2025-02-17 11:26:51,16.0,1019.4,45.3
2025-02-17 11:27:51,16.1,1019.4,45.2
2025-02-17 11:28:51,16.0,1019.4,45.2
2025-02-17 11:29:51,16.0,1019.4,45.2
2025-02-17 11:30:51,16.0,1019.3,45.2
2025-02-17 11:31:51,16.0,1019.4,45.2
2025-02-17 11:32:51,16.0,1019.4,45.2
2025-02-17 11:33:51,16.1,1019.3,45.1
2025-02-17 11:34:51,16.1,1019.4,45.1
2025-02-17 11:35:51,16.1,1019.4,45.1
2025-02-17 11:36:51,16.0,1019.4,45.0
2025-02-17 11:37:51,16.0,1019.4,45.1
2025-02-17 11:38:51,16.1,1019.4,45.0
2025-02-17 11:39:51,16.0,1019.4,45.1
2025-02-17 11:40:51,16.1,1019.4,45.0
2025-02-17 11:41:51,16.0,1019.5,45.0
2025-02-17 11:42:51,16.1,1019.4,45.1
2025-02-17 11:43:51,16.0,1019.5,45.0
2025-02-17 11:44:51,16.0,1019.4,45.0
2025-02-17 11:45:51,16.0,1019.4,45.1
2025-02-17 11:46:51,16.1,1019.4,45.0
2025-02-17 11:47:51,16.1,1019.4,45.0
2025-02-17 11:48:51,16.1,1019.5,45.0
2025-02-17 11:49:51,16.0,1019.4,45.0
2025-02-17 11:50:51,16.1,1019.4,45.0
2025-02-17 11:51:51,16.1,1019.4,45.0
2025-02-17 11:52:51,16.1,1019.4,45.0
2025-02-17 11:53:51,16.0,1019.5,45.0
2025-02-17 11:54:51,16.0,1019.5,44.9
2025-02-17 11:55:51,16.0,1019.4,45.0
2025-02-17 11:56:51,16.0,1019.4,45.0
2025-02-17 11:57:51,16.0,1019.4,45.0
2025-02-17 11:58:51,16.0,1019.4,45.0
2025-02-17 11:59:51,16.1,1019.4,45.0
2025-02-17 12:00:51,16.1,1019.3,44.9
2025-02-17 12:01:51,16.0,1019.3,44.9
2025-02-17 12:02:51,16.1,1019.3,44.9
2025-02-17 12:03:51,16.0,1019.4,45.0
2025-02-17 12:04:51,16.1,1019.2,44.9
2025-02-17 12:05:51,16.1,1019.3,44.9
2025-02-17 12:06:51,16.1,1019.3,45.0
2025-02-17 12:07:51,16.1,1019.3,44.9
2025-02-17 12:08:52,16.1,1019.2,44.8
2025-02-17 12:09:52,16.1,1019.2,44.9
2025-02-17 12:10:52,16.1,1019.2,44.9
2025-02-17 12:11:52,16.1,1019.2,44.9
2025-02-17 12:12:52,16.0,1019.2,44.9
2025-02-17 12:13:52,16.1,1019.2,44.8
2025-02-17 12:14:52,16.1,1019.2,44.9
2025-02-17 12:15:52,16.0,1019.2,44.9
2025-02-17 12:16:52,16.1,1019.2,44.9
2025-02-17 12:17:52,16.1,1019.1,44.8
2025-02-17 12:18:52,16.1,1019.2,44.9
2025-02-17 12:19:52,16.1,1019.2,44.9
2025-02-17 12:20:52,16.1,1019.2,44.8
2025-02-17 12:21:52,16.1,1019.2,44.8
2025-02-17 12:22:52,16.0,1019.1,44.9
2025-02-17 12:23:52,16.1,1019.2,44.8
2025-02-17 12:24:52,16.1,1019.2,44.8
2025-02-17 12:25:52,16.1,1019.3,44.8
2025-02-17 12:26:52,16.1,1019.2,44.8
2025-02-17 12:27:52,16.1,1019.2,44.8
2025-02-17 12:28:52,16.1,1019.2,44.8
2025-02-17 12:29:52,16.1,1019.2,44.8
2025-02-17 12:30:52,16.1,1019.2,44.8
2025-02-17 12:31:52,16.1,1019.2,44.9
2025-02-17 12:32:52,16.1,1019.1,44.8
2025-02-17 12:33:52,16.1,1019.2,44.9
2025-02-17 12:34:52,16.1,1019.3,44.9
2025-02-17 12:35:52,16.1,1019.2,44.9
2025-02-17 12:36:52,16.1,1019.1,44.8
2025-02-17 12:37:52,16.1,1019.0,44.8
2025-02-17 12:38:52,16.1,1019.2,44.8
2025-02-17 12:39:52,16.1,1019.1,44.8
2025-02-17 12:40:52,16.1,1019.0,44.8
2025-02-17 12:41:52,16.1,1019.2,44.8
2025-02-17 12:42:52,16.1,1019.2,44.7
2025-02-17 12:43:52,16.1,1019.1,44.7
2025-02-17 12:44:52,16.2,1019.1,44.7
2025-02-17 12:45:52,16.2,1019.2,44.7
2025-02-17 12:46:52,16.1,1019.2,44.7
2025-02-17 12:47:52,16.1,1019.2,44.7
2025-02-17 12:48:52,16.1,1019.2,44.8
2025-02-17 12:49:52,16.1,1019.1,44.6
2025-02-17 12:50:52,16.1,1019.2,44.8
2025-02-17 12:51:52,16.1,1019.1,44.7
2025-02-17 12:52:52,16.1,1019.1,44.8
2025-02-17 12:53:52,16.1,1019.1,44.7
2025-02-17 12:54:52,16.2,1019.1,44.7
2025-02-17 12:55:52,16.2,1019.1,44.7
2025-02-17 12:56:52,16.2,1019.2,44.7
2025-02-17 12:57:52,16.1,1019.1,44.7
2025-02-17 12:58:52,16.1,1019.1,44.8
2025-02-17 12:59:52,16.1,1019.1,44.7
2025-02-17 13:00:52,16.1,1019.2,44.7
2025-02-17 13:01:53,16.2,1019.2,44.6
2025-02-17 13:02:53,16.2,1019.2,44.5
2025-02-17 13:03:53,16.1,1019.2,44.6
2025-02-17 13:04:53,16.1,1019.1,44.7
2025-02-17 13:05:53,16.2,1019.2,44.6
2025-02-17 13:06:53,16.1,1019.2,44.7
2025-02-17 13:07:53,16.1,1019.1,44.6
2025-02-17 13:08:53,16.1,1019.1,44.7
2025-02-17 13:09:53,16.1,1019.1,44.6
2025-02-17 13:10:53,16.1,1019.1,44.6
2025-02-17 13:11:53,16.1,1019.0,44.8
2025-02-17 13:12:53,16.2,1019.1,44.6
2025-02-17 13:13:53,16.1,1019.0,44.6
2025-02-17 13:14:53,16.2,1019.0,44.6
2025-02-17 13:15:53,16.2,1019.1,44.5
2025-02-17 13:16:53,16.1,1019.0,44.6
2025-02-17 13:17:53,16.1,1018.9,44.5
2025-02-17 13:18:53,16.2,1019.1,44.5
2025-02-17 13:19:53,16.1,1019.0,44.5
2025-02-17 13:20:53,16.2,1019.0,44.5
2025-02-17 13:21:53,16.2,1019.0,44.4
2025-02-17 13:22:53,16.2,1019.0,44.5
2025-02-17 13:23:53,16.2,1018.9,44.5
2025-02-17 13:24:53,16.2,1018.9,44.5
2025-02-17 13:25:53,16.2,1018.9,44.5
2025-02-17 13:26:53,16.2,1019.0,44.5
2025-02-17 13:27:53,16.2,1018.9,44.6
2025-02-17 13:28:53,16.2,1018.9,44.5
2025-02-17 13:29:53,16.2,1018.9,44.5
2025-02-17 13:30:53,16.2,1018.9,44.5
2025-02-17 13:31:53,16.2,1018.9,44.5
2025-02-17 13:32:53,16.2,1018.9,44.5
2025-02-17 13:33:53,16.2,1018.9,44.5
2025-02-17 13:34:53,16.2,1018.8,44.5
2025-02-17 13:35:53,16.1,1018.9,44.6
2025-02-17 13:36:53,16.2,1018.9,44.5
2025-02-17 13:37:53,16.2,1019.0,44.4
2025-02-17 13:38:53,16.2,1018.9,44.5
2025-02-17 13:39:53,16.2,1018.9,44.4
2025-02-17 13:40:53,16.1,1018.8,44.5
2025-02-17 13:41:53,16.2,1018.8,44.6
2025-02-17 13:42:53,16.2,1018.8,44.5
2025-02-17 13:43:53,16.2,1018.8,44.5
2025-02-17 13:44:53,16.2,1018.8,44.4
2025-02-17 13:45:53,16.2,1018.8,44.5
2025-02-17 13:46:53,16.1,1018.8,44.5
2025-02-17 13:47:53,16.1,1018.8,44.5
2025-02-17 13:48:53,16.1,1018.8,44.6
2025-02-17 13:49:53,16.1,1018.7,44.6
2025-02-17 13:50:53,16.2,1018.8,44.4
2025-02-17 13:51:53,16.1,1018.8,44.5
2025-02-17 13:52:53,16.2,1018.7,44.3
2025-02-17 13:53:53,16.2,1018.7,44.4
2025-02-17 13:54:54,16.2,1018.7,44.4
2025-02-17 13:55:54,16.2,1018.7,44.4
2025-02-17 13:56:54,16.2,1018.8,44.4
2025-02-17 13:57:54,16.2,1018.7,44.4
2025-02-17 13:58:54,16.1,1018.7,44.5
2025-02-17 13:59:54,16.2,1018.7,44.4
2025-02-17 14:00:54,16.1,1018.6,44.4
2025-02-17 14:01:54,16.2,1018.7,44.4
2025-02-17 14:02:54,16.2,1018.6,44.4
2025-02-17 14:03:54,16.2,1018.6,44.4
2025-02-17 14:04:54,16.2,1018.6,44.3
2025-02-17 14:05:54,16.2,1018.5,44.3
2025-02-17 14:06:54,16.2,1018.5,44.3
2025-02-17 14:07:54,16.2,1018.4,44.4
2025-02-17 14:08:54,16.2,1018.4,44.4
2025-02-17 14:09:54,16.2,1018.4,44.4
2025-02-17 14:10:54,16.2,1018.4,44.4
2025-02-17 14:11:54,16.2,1018.4,44.3
2025-02-17 14:12:54,16.2,1018.4,44.4
2025-02-17 14:13:54,16.1,1018.4,44.4
2025-02-17 14:14:54,16.2,1018.4,44.4
2025-02-17 14:15:54,16.2,1018.5,44.3
2025-02-17 14:16:54,16.2,1018.4,44.2
2025-02-17 14:17:54,16.2,1018.4,44.4
2025-02-17 14:18:54,16.2,1018.3,44.4
2025-02-17 14:19:54,16.2,1018.3,44.3
2025-02-17 14:20:54,16.2,1018.4,44.3
2025-02-17 14:21:54,16.2,1018.3,44.3
2025-02-17 14:22:54,16.2,1018.4,44.3
2025-02-17 14:23:54,16.2,1018.3,44.3
2025-02-17 14:24:54,16.2,1018.4,44.3
2025-02-17 14:25:54,16.2,1018.3,44.3
2025-02-17 14:26:54,16.2,1018.4,44.2
2025-02-17 14:27:54,16.2,1018.3,44.3
2025-02-17 14:28:54,16.2,1018.3,44.3
2025-02-17 14:29:54,16.2,1018.3,44.2
2025-02-17 14:30:54,16.1,1018.3,44.3
2025-02-17 14:31:54,16.2,1018.3,44.4
2025-02-17 14:32:54,16.2,1018.3,44.1
2025-02-17 14:33:54,16.2,1018.3,44.2
2025-02-17 14:34:54,16.2,1018.3,44.3
2025-02-17 14:35:54,16.2,1018.4,44.3
2025-02-17 14:36:54,16.1,1018.2,44.3
2025-02-17 14:37:54,16.1,1018.2,44.3
2025-02-17 14:38:54,16.1,1018.3,44.4
2025-02-17 14:39:54,16.1,1018.3,44.3
2025-02-17 14:40:54,16.1,1018.3,44.3
2025-02-17 14:41:54,16.1,1018.3,44.3
2025-02-17 14:42:54,16.1,1018.3,44.2
2025-02-17 14:43:54,16.2,1018.2,44.3
2025-02-17 14:44:54,16.2,1018.2,44.3
2025-02-17 14:45:54,16.1,1018.3,44.3
2025-02-17 14:46:54,16.2,1018.2,44.3
2025-02-17 14:47:55,16.1,1018.2,44.3
2025-02-17 14:48:55,16.2,1018.3,44.3
2025-02-17 14:49:55,16.2,1018.3,44.3
2025-02-17 14:50:55,16.1,1018.2,44.4
2025-02-17 14:51:55,16.1,1018.3,44.3
2025-02-17 14:52:55,16.1,1018.2,44.3
2025-02-17 14:53:55,16.1,1018.2,44.3
2025-02-17 14:54:55,16.1,1018.3,44.4
2025-02-17 14:55:55,16.1,1018.2,44.3
2025-02-17 14:56:55,16.1,1018.2,44.3
2025-02-17 14:57:55,16.1,1018.2,44.3
2025-02-17 14:58:55,16.1,1018.2,44.2
2025-02-17 14:59:55,16.2,1018.2,44.2
2025-02-17 15:00:55,16.1,1018.2,44.2
2025-02-17 15:01:55,16.1,1018.3,44.2
2025-02-17 15:02:55,16.2,1018.3,44.1
2025-02-17 15:03:55,16.2,1018.2,44.1
2025-02-17 15:04:55,16.1,1018.2,44.1
2025-02-17 15:05:55,16.2,1018.2,44.2
2025-02-17 15:06:55,16.1,1018.2,44.2
2025-02-17 15:07:55,16.1,1018.2,44.3
2025-02-17 15:08:55,16.1,1018.3,44.3
2025-02-17 15:09:55,16.2,1018.3,44.1
2025-02-17 15:10:55,16.1,1018.2,44.2
2025-02-17 15:11:55,16.1,1018.3,44.2
2025-02-17 15:12:55,16.1,1018.2,44.3
2025-02-17 15:13:55,16.2,1018.2,44.2
2025-02-17 15:14:55,16.1,1018.3,44.2
2025-02-17 15:15:55,16.1,1018.1,44.2
2025-02-17 15:16:55,16.1,1018.2,44.2
2025-02-17 15:17:55,16.1,1018.3,44.2
2025-02-17 15:18:55,16.1,1018.2,44.3
2025-02-17 15:19:55,16.1,1018.3,44.3
2025-02-17 15:20:55,16.1,1018.3,44.2
2025-02-17 15:21:55,16.1,1018.2,44.2
2025-02-17 15:22:55,16.1,1018.3,44.2
2025-02-17 15:23:55,16.1,1018.2,44.2
2025-02-17 15:24:55,16.1,1018.3,44.1
2025-02-17 15:25:55,16.0,1018.2,44.2
2025-02-17 15:26:55,16.1,1018.2,44.1
2025-02-17 15:27:55,16.1,1018.2,44.1
2025-02-17 15:28:55,16.0,1018.2,44.2
2025-02-17 15:29:55,16.0,1018.1,44.2
2025-02-17 15:30:55,16.1,1018.1,44.2
2025-02-17 15:31:55,16.1,1018.2,44.1
2025-02-17 15:32:55,16.1,1018.1,44.1
2025-02-17 15:33:55,16.1,1018.2,44.1
2025-02-17 15:34:55,16.0,1018.1,44.2
2025-02-17 15:35:55,16.1,1018.2,44.2
2025-02-17 15:36:55,16.1,1018.1,44.1
2025-02-17 15:37:55,16.1,1018.2,44.1
2025-02-17 15:38:55,16.0,1018.2,44.1
2025-02-17 15:39:55,16.1,1018.2,44.1
2025-02-17 15:40:56,16.0,1018.2,44.1
2025-02-17 15:41:56,16.1,1018.1,44.0
2025-02-17 15:42:56,16.1,1018.2,44.1
2025-02-17 15:43:56,16.1,1018.2,44.1
2025-02-17 15:44:56,16.0,1018.1,44.1
2025-02-17 15:45:56,16.1,1018.1,44.0
2025-02-17 15:46:56,16.0,1018.2,44.1
2025-02-17 15:47:56,16.1,1018.1,44.1
2025-02-17 15:48:56,16.1,1018.1,44.1
2025-02-17 15:49:56,16.0,1018.1,44.1
2025-02-17 15:50:56,16.0,1018.2,44.2
2025-02-17 15:51:56,16.1,1018.1,44.2
2025-02-17 15:52:56,16.0,1018.2,44.1
2025-02-17 15:53:56,16.1,1018.2,44.1
2025-02-17 15:54:56,16.0,1018.2,44.1
2025-02-17 15:55:56,16.0,1018.2,44.1
2025-02-17 15:56:56,16.0,1018.3,44.2
2025-02-17 15:57:56,16.0,1018.2,44.1
2025-02-17 15:58:56,16.1,1018.2,44.1
2025-02-17 15:59:56,16.0,1018.2,44.1
2025-02-17 16:00:56,16.0,1018.2,44.0
2025-02-17 16:01:56,16.0,1018.2,44.1
2025-02-17 16:02:56,16.0,1018.2,44.1
2025-02-17 16:03:56,16.0,1018.3,44.1
2025-02-17 16:04:56,16.0,1018.2,44.1
2025-02-17 16:05:56,16.0,1018.2,44.0
2025-02-17 16:06:56,16.0,1018.3,44.1
2025-02-17 16:07:56,16.0,1018.3,44.1
2025-02-17 16:08:56,16.0,1018.3,44.1
2025-02-17 16:09:56,16.0,1018.3,44.1
2025-02-17 16:10:56,16.0,1018.2,44.1
2025-02-17 16:11:56,16.0,1018.4,44.1
2025-02-17 16:12:56,16.1,1018.4,44.0
2025-02-17 16:13:56,16.0,1018.4,44.1
2025-02-17 16:14:56,16.0,1018.4,44.1
2025-02-17 16:15:56,16.0,1018.4,44.1
2025-02-17 16:16:56,16.0,1018.5,44.1
2025-02-17 16:17:56,16.0,1018.4,44.1
2025-02-17 16:18:56,16.0,1018.6,44.1
2025-02-17 16:19:56,16.0,1018.5,44.1
2025-02-17 16:20:56,16.0,1018.5,44.0
2025-02-17 16:21:56,16.0,1018.5,44.1
2025-02-17 16:22:56,16.0,1018.4,44.1
2025-02-17 16:23:56,16.0,1018.4,44.1
2025-02-17 16:24:56,16.0,1018.3,44.1
2025-02-17 16:25:56,16.0,1018.3,44.1
2025-02-17 16:26:56,16.0,1018.3,44.1
2025-02-17 16:27:56,15.9,1018.2,44.1
2025-02-17 16:28:56,16.0,1018.3,44.1
2025-02-17 16:29:56,15.9,1018.3,44.1
2025-02-17 16:30:56,16.0,1018.4,44.2
2025-02-17 16:31:56,15.9,1018.4,44.0
2025-02-17 16:32:56,15.9,1018.4,44.1
2025-02-17 16:33:57,15.9,1018.4,44.1
2025-02-17 16:34:57,15.9,1018.5,44.1
2025-02-17 16:35:57,15.9,1018.5,44.1
2025-02-17 16:36:57,16.0,1018.4,44.0
2025-02-17 16:37:57,15.9,1018.4,44.1
2025-02-17 16:38:57,15.9,1018.5,44.2
2025-02-17 16:39:57,15.9,1018.5,44.1
2025-02-17 16:40:57,15.9,1018.5,44.1
2025-02-17 16:41:57,16.0,1018.5,44.1
2025-02-17 16:42:57,15.9,1018.6,44.1
2025-02-17 16:43:57,15.9,1018.5,44.1
2025-02-17 16:44:57,16.0,1018.5,44.1
2025-02-17 16:45:57,16.0,1018.6,44.1
2025-02-17 16:46:57,15.9,1018.6,44.1
2025-02-17 16:47:57,15.9,1018.6,44.1
2025-02-17 16:48:57,16.0,1018.7,44.0
2025-02-17 16:49:57,15.9,1018.6,44.1
2025-02-17 16:50:57,16.0,1018.6,44.1
2025-02-17 16:51:57,15.9,1018.7,44.2
2025-02-17 16:52:57,15.9,1018.6,44.1
2025-02-17 16:53:57,15.9,1018.6,44.1
2025-02-17 16:54:57,15.9,1018.6,44.1
2025-02-17 16:55:57,15.9,1018.6,44.2
2025-02-17 16:56:57,15.9,1018.7,44.1
2025-02-17 16:57:57,15.9,1018.7,44.1
2025-02-17 16:58:57,15.9,1018.8,44.1
2025-02-17 16:59:57,15.9,1018.7,44.2
2025-02-17 17:00:57,15.9,1018.8,44.1
2025-02-17 17:01:57,15.9,1018.7,44.1
2025-02-17 17:02:57,15.9,1018.9,44.1
2025-02-17 17:03:57,15.9,1018.8,44.2
2025-02-17 17:04:57,15.9,1018.8,44.2
2025-02-17 17:05:57,15.9,1018.8,44.1
2025-02-17 17:06:57,15.9,1018.9,44.1
2025-02-17 17:07:57,15.9,1018.9,44.1
2025-02-17 17:08:57,15.9,1019.0,44.1
2025-02-17 17:09:57,16.0,1019.0,44.1
2025-02-17 17:10:57,15.9,1018.9,44.1
2025-02-17 17:11:57,15.9,1019.0,44.1
2025-02-17 17:12:57,15.9,1018.9,44.1
2025-02-17 17:13:57,15.9,1019.0,44.1
2025-02-17 17:14:57,15.9,1019.0,44.2
2025-02-17 17:15:57,15.9,1019.0,44.1
2025-02-17 17:16:57,15.9,1018.9,44.1
2025-02-17 17:17:57,15.9,1019.0,44.1
2025-02-17 17:18:57,15.9,1019.0,44.1
2025-02-17 17:19:57,15.8,1018.9,44.2
2025-02-17 17:20:57,15.9,1019.0,44.1
2025-02-17 17:21:57,15.9,1019.0,44.1
2025-02-17 17:22:57,15.9,1019.0,44.1
2025-02-17 17:23:57,15.9,1019.0,44.2
2025-02-17 17:24:57,15.9,1018.9,44.1
2025-02-17 17:25:57,15.9,1019.0,44.2
2025-02-17 17:26:58,15.9,1019.0,44.2
2025-02-17 17:27:58,15.8,1019.0,44.2
2025-02-17 17:28:58,15.9,1019.0,44.1
2025-02-17 17:29:58,15.8,1019.0,44.1
2025-02-17 17:30:58,15.9,1019.0,44.1
2025-02-17 17:31:58,15.9,1019.1,44.0
2025-02-17 17:32:58,15.8,1019.0,44.1
2025-02-17 17:33:58,15.8,1019.0,44.2
2025-02-17 17:34:58,15.8,1019.0,44.2
2025-02-17 17:35:58,15.9,1019.1,44.2
2025-02-17 17:36:58,15.8,1019.0,44.2
2025-02-17 17:37:58,15.8,1019.0,44.3
2025-02-17 17:38:58,15.8,1019.1,44.2
2025-02-17 17:39:58,15.8,1019.0,44.2
2025-02-17 17:40:58,15.8,1019.1,44.2
2025-02-17 17:41:58,15.8,1019.1,44.3
2025-02-17 17:42:58,15.8,1019.0,44.2
2025-02-17 17:43:58,15.8,1019.0,44.3
2025-02-17 17:44:58,15.8,1019.0,44.3
2025-02-17 17:45:58,15.8,1019.0,44.3
2025-02-17 17:46:58,15.8,1019.0,44.3
2025-02-17 17:47:58,15.8,1019.0,44.2
2025-02-17 17:48:58,15.8,1018.9,44.2
2025-02-17 17:49:58,15.8,1018.9,44.2
2025-02-17 17:50:58,15.8,1018.9,44.2
2025-02-17 17:51:58,15.8,1018.9,44.2
2025-02-17 17:52:58,15.8,1018.8,44.2
2025-02-17 17:53:58,15.8,1018.9,44.3
2025-02-17 17:54:58,15.8,1018.9,44.2
2025-02-17 17:55:58,15.8,1018.9,44.3
2025-02-17 17:56:58,15.8,1019.0,44.2
2025-02-17 17:57:58,15.8,1018.9,44.2
2025-02-17 17:58:58,15.8,1018.9,44.2
2025-02-17 17:59:58,15.8,1018.9,44.1
2025-02-17 18:00:58,15.8,1019.0,44.1
2025-02-17 18:01:58,15.8,1018.9,44.1
2025-02-17 18:02:58,15.8,1019.0,44.1
2025-02-17 18:03:58,15.8,1019.0,44.2
2025-02-17 18:04:58,15.8,1019.0,44.0
2025-02-17 18:05:58,15.8,1019.0,44.1
2025-02-17 18:06:58,15.8,1019.0,44.1
2025-02-17 18:07:58,15.8,1019.0,44.2
2025-02-17 18:08:58,15.8,1019.0,44.2
2025-02-17 18:09:58,15.7,1019.0,44.2
2025-02-17 18:10:58,15.8,1019.0,44.1
2025-02-17 18:11:58,15.7,1019.0,44.2
2025-02-17 18:12:58,15.7,1019.0,44.2
2025-02-17 18:13:58,15.8,1019.0,44.2
2025-02-17 18:14:58,15.8,1019.0,44.1
2025-02-17 18:15:58,15.7,1018.9,44.2
2025-02-17 18:16:58,15.7,1018.9,44.2
2025-02-17 18:17:58,15.7,1019.0,44.2
2025-02-17 18:18:58,15.7,1018.9,44.2
2025-02-17 18:19:59,15.7,1018.9,44.2
2025-02-17 18:20:59,15.7,1018.9,44.1
2025-02-17 18:21:59,15.7,1018.9,44.2
2025-02-17 18:22:59,15.7,1018.9,44.1
2025-02-17 18:23:59,15.7,1018.9,44.1
2025-02-17 18:24:59,15.8,1019.0,44.1
2025-02-17 18:25:59,15.7,1018.9,44.1
2025-02-17 18:26:59,15.7,1019.0,44.1
2025-02-17 18:27:59,15.7,1018.9,44.3
2025-02-17 18:28:59,15.7,1019.0,44.2
2025-02-17 18:29:59,15.7,1019.0,44.2
2025-02-17 18:30:59,15.7,1019.1,44.2
2025-02-17 18:31:59,15.7,1019.1,44.2
2025-02-17 18:32:59,15.7,1019.1,44.2
2025-02-17 18:33:59,15.7,1019.1,44.1
2025-02-17 18:34:59,15.7,1019.1,44.1
2025-02-17 18:35:59,15.7,1019.1,44.2
2025-02-17 18:36:59,15.7,1019.1,44.2
2025-02-17 18:37:59,15.6,1019.1,44.3
2025-02-17 18:38:59,15.7,1019.2,44.1
2025-02-17 18:39:59,15.7,1019.2,44.1
2025-02-17 18:40:59,15.7,1019.1,44.2
2025-02-17 18:41:59,15.7,1019.2,44.2
2025-02-17 18:42:59,15.7,1019.2,44.1
2025-02-17 18:43:59,15.7,1019.2,44.1
2025-02-17 18:44:59,15.7,1019.2,44.2
2025-02-17 18:45:59,15.7,1019.2,44.1
2025-02-17 18:46:59,15.6,1019.2,44.2
2025-02-17 18:47:59,15.7,1019.1,44.1
2025-02-17 18:48:59,15.6,1019.1,44.2
2025-02-17 18:49:59,15.6,1019.1,44.2
2025-02-17 18:50:59,15.6,1019.2,44.2
2025-02-17 18:51:59,15.7,1019.2,44.1
2025-02-17 18:52:59,15.7,1019.1,44.1
2025-02-17 18:53:59,15.7,1019.2,44.1
2025-02-17 18:54:59,15.6,1019.2,44.1
2025-02-17 18:55:59,15.7,1019.2,44.1
2025-02-17 18:56:59,15.7,1019.2,44.1
2025-02-17 18:57:59,15.6,1019.2,44.1
2025-02-17 18:58:59,15.6,1019.2,44.2
2025-02-17 18:59:59,15.6,1019.2,44.3
2025-02-17 19:00:59,15.6,1019.3,44.2
2025-02-17 19:01:59,15.7,1019.3,44.2
2025-02-17 19:02:59,15.6,1019.4,44.1
2025-02-17 19:03:59,15.6,1019.4,44.2
2025-02-17 19:04:59,15.6,1019.4,44.2
2025-02-17 19:05:59,15.6,1019.5,44.2
2025-02-17 19:06:59,15.6,1019.5,44.2
2025-02-17 19:07:59,15.6,1019.6,44.3
2025-02-17 19:08:59,15.6,1019.5,44.3
2025-02-17 19:09:59,15.6,1019.6,44.3
2025-02-17 19:10:59,15.6,1019.6,44.3
2025-02-17 19:11:59,15.6,1019.6,44.2
2025-02-17 19:13:00,15.6,1019.7,44.3
2025-02-17 19:14:00,15.6,1019.8,44.3
2025-02-17 19:15:00,15.6,1019.8,44.3
2025-02-17 19:16:00,15.6,1019.8,44.3
2025-02-17 19:17:00,15.6,1019.8,44.3
2025-02-17 19:18:00,15.5,1019.8,44.4
2025-02-17 19:19:00,15.6,1019.8,44.3
2025-02-17 19:20:00,15.6,1019.9,44.4
2025-02-17 19:21:00,15.5,1019.8,44.4
2025-02-17 19:22:00,15.5,1019.8,44.5
2025-02-17 19:23:00,15.5,1019.9,44.4
2025-02-17 19:24:00,15.5,1019.9,44.5
2025-02-17 19:25:00,15.5,1019.8,44.5
2025-02-17 19:26:00,15.5,1019.8,44.4
2025-02-17 19:27:00,15.5,1019.9,44.5
2025-02-17 19:28:00,15.5,1019.8,44.4
2025-02-17 19:29:00,15.5,1019.9,44.4
2025-02-17 19:30:00,15.5,1019.8,44.4
2025-02-17 19:31:00,15.6,1019.9,44.4
2025-02-17 19:32:00,15.5,1019.9,44.4
2025-02-17 19:33:00,15.5,1019.9,44.5
2025-02-17 19:34:00,15.5,1020.0,44.4
2025-02-17 19:35:00,15.6,1019.9,44.4
2025-02-17 19:36:00,15.5,1020.0,44.4
2025-02-17 19:37:00,15.5,1019.9,44.5
2025-02-17 19:38:00,15.5,1019.9,44.5
2025-02-17 19:39:00,15.5,1019.9,44.5
2025-02-17 19:40:00,15.5,1019.9,44.5
2025-02-17 19:41:00,15.5,1019.9,44.5
2025-02-17 19:42:00,15.5,1019.9,44.5
2025-02-17 19:43:00,15.5,1019.9,44.5
2025-02-17 19:44:00,15.5,1019.8,44.5
2025-02-17 19:45:00,15.5,1019.9,44.5
2025-02-17 19:46:00,15.5,1019.8,44.4
2025-02-17 19:47:00,15.5,1019.8,44.5
2025-02-17 19:48:00,15.5,1019.8,44.5
2025-02-17 19:49:00,15.5,1019.8,44.5
2025-02-17 19:50:00,15.5,1019.9,44.5
2025-02-17 19:51:00,15.5,1019.9,44.5
2025-02-17 19:52:00,15.5,1019.9,44.5
2025-02-17 19:53:00,15.5,1019.9,44.5
2025-02-17 19:54:00,15.5,1019.9,44.5
2025-02-17 19:55:00,15.5,1020.0,44.4
2025-02-17 19:56:00,15.5,1020.0,44.5
2025-02-17 19:57:00,15.5,1019.9,44.5
2025-02-17 19:58:00,15.4,1020.0,44.5
2025-02-17 19:59:00,15.4,1019.9,44.6
2025-02-17 20:00:00,15.5,1019.9,44.5
2025-02-17 20:01:00,15.5,1019.9,44.5
2025-02-17 20:02:00,15.4,1019.9,44.5
2025-02-17 20:03:00,15.5,1019.9,44.5
2025-02-17 20:04:00,15.5,1019.9,44.6
2025-02-17 20:05:00,15.4,1019.8,44.6
2025-02-17 20:06:01,15.5,1019.9,44.5
2025-02-17 20:07:01,15.4,1019.8,44.6
2025-02-17 20:08:01,15.4,1019.8,44.6
2025-02-17 20:09:01,15.4,1019.7,44.5
2025-02-17 20:10:01,15.4,1019.7,44.5
2025-02-17 20:11:01,15.5,1019.7,44.5
2025-02-17 20:12:01,15.4,1019.6,44.6
2025-02-17 20:13:01,15.4,1019.6,44.5
2025-02-17 20:14:01,15.4,1019.5,44.5
2025-02-17 20:15:01,15.5,1019.6,44.4
2025-02-17 20:16:01,15.4,1019.6,44.5
2025-02-17 20:17:01,15.4,1019.6,44.5
2025-02-17 20:18:01,15.5,1019.7,44.5
2025-02-17 20:19:01,15.4,1019.7,44.5
2025-02-17 20:20:01,15.4,1019.7,44.5
2025-02-17 20:21:01,15.4,1019.7,44.5
2025-02-17 20:22:01,15.4,1019.6,44.6
2025-02-17 20:23:01,15.4,1019.5,44.6
2025-02-17 20:24:01,15.4,1019.5,44.5
2025-02-17 20:25:01,15.4,1019.5,44.5
2025-02-17 20:26:01,15.4,1019.5,44.5
2025-02-17 20:27:01,15.4,1019.5,44.4
2025-02-17 20:28:01,15.4,1019.5,44.4
2025-02-17 20:29:01,15.4,1019.4,44.5
2025-02-17 20:30:01,15.4,1019.5,44.5
2025-02-17 20:31:01,15.4,1019.5,44.5
2025-02-17 20:32:01,15.4,1019.6,44.4
2025-02-17 20:33:01,15.4,1019.5,44.5
2025-02-17 20:34:01,15.4,1019.6,44.5
2025-02-17 20:35:01,15.4,1019.6,44.5
2025-02-17 20:36:01,15.4,1019.6,44.5
2025-02-17 20:37:01,15.4,1019.7,44.5
2025-02-17 20:38:01,15.4,1019.8,44.5
2025-02-17 20:39:01,15.4,1019.7,44.5
2025-02-17 20:40:01,15.4,1019.9,44.5
2025-02-17 20:41:01,15.4,1019.8,44.5
2025-02-17 20:42:01,15.4,1019.8,44.5
2025-02-17 20:43:01,15.4,1019.8,44.5
2025-02-17 20:44:01,15.4,1019.8,44.5
2025-02-17 20:45:01,15.3,1019.8,44.6
2025-02-17 20:46:01,15.4,1019.8,44.5
2025-02-17 20:47:01,15.3,1019.8,44.5
2025-02-17 20:48:01,15.4,1019.8,44.5
2025-02-17 20:49:01,15.4,1019.8,44.5
2025-02-17 20:50:01,15.3,1019.8,44.6
2025-02-17 20:51:01,15.3,1019.8,44.6
2025-02-17 20:52:01,15.3,1019.8,44.5
2025-02-17 20:53:01,15.3,1019.9,44.6
2025-02-17 20:54:01,15.4,1019.8,44.5
2025-02-17 20:55:01,15.4,1019.8,44.5
2025-02-17 20:56:01,15.4,1019.8,44.5
2025-02-17 20:57:01,15.4,1019.8,44.5
2025-02-17 20:58:01,15.3,1019.8,44.5
2025-02-17 20:59:02,15.3,1019.8,44.6
2025-02-17 21:00:02,15.3,1019.9,44.6
2025-02-17 21:01:02,15.3,1019.8,44.6
2025-02-17 21:02:02,15.3,1019.8,44.5
2025-02-17 21:03:02,15.3,1019.7,44.6
2025-02-17 21:04:02,15.3,1019.7,44.6
2025-02-17 21:05:02,15.3,1019.7,44.5
2025-02-17 21:06:02,15.3,1019.7,44.5
2025-02-17 21:07:02,15.3,1019.7,44.6
2025-02-17 21:08:02,15.3,1019.6,44.6
2025-02-17 21:09:02,15.3,1019.7,44.6
2025-02-17 21:10:02,15.3,1019.7,44.6
2025-02-17 21:11:02,15.3,1019.7,44.6
2025-02-17 21:12:02,15.3,1019.8,44.6
2025-02-17 21:13:02,15.2,1019.7,44.7
2025-02-17 21:14:02,15.3,1019.8,44.5
2025-02-17 21:15:02,15.3,1019.8,44.6
2025-02-17 21:16:02,15.3,1019.9,44.6
2025-02-17 21:17:02,15.3,1019.8,44.5
2025-02-17 21:18:02,15.3,1020.0,44.6
2025-02-17 21:19:02,15.3,1020.0,44.7
2025-02-17 21:20:02,15.3,1019.9,44.6
2025-02-17 21:21:02,15.3,1019.9,44.6
2025-02-17 21:22:02,15.3,1020.0,44.6
2025-02-17 21:23:02,15.2,1020.0,44.6
2025-02-17 21:24:02,15.3,1020.0,44.6
2025-02-17 21:25:02,15.3,1020.0,44.6
2025-02-17 21:26:02,15.3,1020.0,44.6
2025-02-17 21:27:02,15.3,1020.0,44.7
2025-02-17 21:28:02,15.2,1019.9,44.7
2025-02-17 21:29:02,15.2,1020.0,44.7
2025-02-17 21:30:02,15.2,1020.0,44.7
2025-02-17 21:31:02,15.3,1020.0,44.7
2025-02-17 21:32:02,15.2,1020.0,44.7
2025-02-17 21:33:02,15.2,1020.0,44.7
2025-02-17 21:34:02,15.2,1020.0,44.8
2025-02-17 21:35:02,15.2,1020.0,44.7
2025-02-17 21:36:02,15.2,1020.0,44.7
2025-02-17 21:37:02,15.2,1020.0,44.7
2025-02-17 21:38:02,15.3,1020.0,44.7
2025-02-17 21:39:02,15.2,1019.9,44.6
2025-02-17 21:40:02,15.2,1019.9,44.7
2025-02-17 21:41:02,15.2,1019.9,44.7
2025-02-17 21:42:02,15.2,1019.9,44.7
2025-02-17 21:43:02,15.2,1020.0,44.7
2025-02-17 21:44:02,15.2,1020.0,44.8
2025-02-17 21:45:02,15.2,1020.0,44.7
2025-02-17 21:46:02,15.2,1019.9,44.7
2025-02-17 21:47:02,15.2,1020.0,44.7
2025-02-17 21:48:02,15.2,1020.1,44.8
2025-02-17 21:49:02,15.2,1020.0,44.7
2025-02-17 21:50:02,15.2,1020.1,44.7
2025-02-17 21:51:03,15.2,1020.1,44.7
2025-02-17 21:52:03,15.2,1020.2,44.8
2025-02-17 21:53:03,15.2,1020.1,44.8
2025-02-17 21:54:03,15.2,1020.1,44.7
2025-02-17 21:55:03,15.2,1020.1,44.8
2025-02-17 21:56:03,15.2,1020.1,44.8
2025-02-17 21:57:03,15.2,1020.1,44.8
2025-02-17 21:58:03,15.2,1020.1,44.8
2025-02-17 21:59:03,15.2,1020.0,44.7
2025-02-17 22:00:03,15.2,1020.1,44.7
2025-02-17 22:01:03,15.2,1020.1,44.7
2025-02-17 22:02:03,15.2,1020.1,44.7
2025-02-17 22:03:03,15.2,1020.2,44.7
2025-02-17 22:04:03,15.1,1020.1,44.8
2025-02-17 22:05:03,15.2,1020.2,44.7
2025-02-17 22:06:03,15.1,1020.2,44.8
2025-02-17 22:07:03,15.1,1020.2,44.8
2025-02-17 22:08:03,15.2,1020.2,44.8
2025-02-17 22:09:03,15.1,1020.1,44.8
2025-02-17 22:10:03,15.1,1020.2,44.8
2025-02-17 22:11:03,15.1,1020.2,44.8
2025-02-17 22:12:03,15.1,1020.2,44.8
2025-02-17 22:13:03,15.1,1020.1,44.8
2025-02-17 22:14:03,15.1,1020.2,44.8
2025-02-17 22:15:03,15.1,1020.2,44.7
2025-02-17 22:16:03,15.1,1020.2,44.8
2025-02-17 22:17:03,15.1,1020.1,44.8
2025-02-17 22:18:03,15.1,1020.1,44.8
2025-02-17 22:19:03,15.1,1020.1,44.8
2025-02-17 22:20:03,15.1,1020.1,44.9
2025-02-17 22:21:03,15.1,1020.2,44.8
2025-02-17 22:22:03,15.1,1020.1,44.8
2025-02-17 22:23:03,15.1,1020.1,44.8
2025-02-17 22:24:03,15.1,1020.1,44.8
2025-02-17 22:25:03,15.1,1020.1,44.8
2025-02-17 22:26:03,15.1,1020.1,44.8
2025-02-17 22:27:03,15.1,1020.1,44.7
2025-02-17 22:28:03,15.1,1020.0,44.8
2025-02-17 22:29:03,15.1,1020.0,44.7
2025-02-17 22:30:03,15.1,1020.0,44.8
2025-02-17 22:31:03,15.1,1020.0,44.8
2025-02-17 22:32:03,15.1,1020.0,44.8
2025-02-17 22:33:03,15.1,1019.9,44.8
2025-02-17 22:34:03,15.1,1019.9,44.8
2025-02-17 22:35:03,15.1,1020.0,44.8
2025-02-17 22:36:03,15.1,1019.9,44.8
2025-02-17 22:37:03,15.0,1019.9,44.9
2025-02-17 22:38:03,15.1,1019.9,44.8
2025-02-17 22:39:03,15.0,1019.9,44.9
2025-02-17 22:40:03,15.0,1019.9,44.9
2025-02-17 22:41:03,15.1,1019.8,44.8
2025-02-17 22:42:03,15.1,1019.8,44.8
2025-02-17 22:43:03,15.1,1019.8,44.8
2025-02-17 22:44:04,15.0,1019.8,44.9
2025-02-17 22:45:04,15.1,1019.9,44.9
2025-02-17 22:46:04,15.1,1019.8,44.8
2025-02-17 22:47:04,15.1,1019.8,44.8
2025-02-17 22:48:04,15.1,1019.8,44.8
2025-02-17 22:49:04,15.0,1019.8,44.8
2025-02-17 22:50:04,15.0,1019.8,44.9
2025-02-17 22:51:04,15.0,1019.8,44.9
2025-02-17 22:52:04,15.0,1019.8,44.9
2025-02-17 22:53:04,15.0,1019.8,44.9
2025-02-17 22:54:04,15.0,1019.8,44.8
2025-02-17 22:55:04,15.0,1019.9,44.9
2025-02-17 22:56:04,15.0,1019.9,44.9
2025-02-17 22:57:04,15.0,1019.8,44.8
2025-02-17 22:58:04,15.0,1019.8,44.9
2025-02-17 22:59:04,15.0,1019.9,44.8
2025-02-17 23:00:04,15.0,1019.8,44.9
2025-02-17 23:01:04,15.0,1019.8,44.9
2025-02-17 23:02:04,15.0,1019.8,44.9
2025-02-17 23:03:04,15.0,1019.8,44.9
2025-02-17 23:04:04,15.0,1019.7,44.9
2025-02-17 23:05:04,15.0,1019.7,44.9
2025-02-17 23:06:04,15.0,1019.7,44.8
2025-02-17 23:07:04,15.0,1019.7,44.9
2025-02-17 23:08:04,15.0,1019.7,44.8
2025-02-17 23:09:04,15.0,1019.7,44.8
2025-02-17 23:10:04,15.0,1019.7,44.8
2025-02-17 23:11:04,15.0,1019.7,44.8
2025-02-17 23:12:04,15.0,1019.7,44.8
2025-02-17 23:13:04,15.0,1019.8,44.8
2025-02-17 23:14:04,15.0,1019.7,44.9
2025-02-17 23:15:04,15.0,1019.7,44.8
2025-02-17 23:16:04,15.0,1019.7,44.8
2025-02-17 23:17:04,15.0,1019.7,44.8
2025-02-17 23:18:04,15.0,1019.7,44.8
2025-02-17 23:19:04,15.0,1019.7,44.8
2025-02-17 23:20:04,15.0,1019.7,44.8
2025-02-17 23:21:04,15.0,1019.7,44.7
2025-02-17 23:22:04,15.0,1019.6,44.8
2025-02-17 23:23:04,15.0,1019.7,44.8
2025-02-17 23:24:04,15.0,1019.7,44.8
2025-02-17 23:25:04,15.0,1019.7,44.8
2025-02-17 23:26:04,15.0,1019.7,44.8
2025-02-17 23:27:04,15.0,1019.7,44.8
2025-02-17 23:28:04,15.0,1019.7,44.8
2025-02-17 23:29:04,15.0,1019.7,44.8
2025-02-17 23:30:04,15.0,1019.7,44.8
2025-02-17 23:31:04,14.9,1019.7,44.8
2025-02-17 23:32:04,15.0,1019.7,44.8
2025-02-17 23:33:04,14.9,1019.7,44.8
2025-02-17 23:34:04,14.9,1019.7,44.8
2025-02-17 23:35:04,15.0,1019.7,44.8
2025-02-17 23:36:04,14.9,1019.6,44.7
2025-02-17 23:37:05,15.0,1019.6,44.8
2025-02-17 23:38:05,14.9,1019.6,44.8
2025-02-17 23:39:05,15.0,1019.6,44.7
2025-02-17 23:40:05,15.0,1019.5,44.7
2025-02-17 23:41:05,14.9,1019.5,44.7
2025-02-17 23:42:05,15.0,1019.5,44.8
2025-02-17 23:43:05,14.9,1019.5,44.7
2025-02-17 23:44:05,14.9,1019.5,44.8
2025-02-17 23:45:05,14.9,1019.4,44.8
2025-02-17 23:46:05,14.9,1019.5,44.7
2025-02-17 23:47:05,14.9,1019.5,44.7
2025-02-17 23:48:05,14.9,1019.5,44.7
2025-02-17 23:49:05,14.9,1019.4,44.8
2025-02-17 23:50:05,14.9,1019.4,44.7
2025-02-17 23:51:05,14.9,1019.4,44.7
2025-02-17 23:52:05,14.9,1019.4,44.7
2025-02-17 23:53:05,14.9,1019.4,44.7
2025-02-17 23:54:05,15.0,1019.5,44.6
2025-02-17 23:55:05,14.9,1019.4,44.6
2025-02-17 23:56:05,14.9,1019.4,44.7
2025-02-17 23:57:05,14.9,1019.4,44.7
2025-02-17 23:58:05,14.9,1019.4,44.7
